,time,theta,phi,theta_dot,phi_dot,timestep
0,0.0,-1.0471975511965976,0.0,0.0,0.0,0.1
1,0.1,-1.0557798761,-0.0028628864,-0.0858232491,-0.0286288636,0.1
2,0.2,-1.0728349605,-0.008470635,-0.1705508443,-0.0560774855,0.1
3,0.3,-1.0981433082,-0.0165877854,-0.2530834769,-0.0811715036,0.1
4,0.4,-1.1313748602,-0.0268633527,-0.3323155201,-0.102755673,0.1
5,0.5,-1.1720883039,-0.0388354221,-0.4071344372,-0.1197206941,0.1
6,0.6,-1.2197306562,-0.0519400833,-0.476423523,-0.1310466115,0.1
7,0.7,-1.2736375986,-0.0655262551,-0.5390694243,-0.1358617179,0.1
8,0.8,-1.3330351934,-0.0788773758,-0.5939759482,-0.1335112071,0.1
9,0.9,-1.3970437368,-0.0912399307,-0.6400854336,-0.1236255486,0.1
10,1.0,-1.4646845615,-0.1018575272,-0.6764082467,-0.1061759646,0.1
11,1.1,-1.5348905289,-0.1100079898,-0.7020596737,-0.0815046262,0.1
12,1.2,-1.6065207039,-0.1150400656,-0.7163017504,-0.0503207584,0.1
13,1.3,-1.6783792803,-0.1164060889,-0.7185857636,-0.0136602333,0.1
14,1.4,-1.7492382652,-0.1136874733,-0.7085898492,0.027186156,0.1
15,1.5,-1.8178628516,-0.106611084,-0.6862458636,0.0707638934,0.1
16,1.6,-1.8830379339,-0.0950561017,-0.6517508229,0.1155498229,0.1
17,1.7,-1.9435939903,-0.0790525306,-0.605560564,0.1600357109,0.1
18,1.8,-1.9984306253,-0.0587736619,-0.5483663499,0.2027886866,0.1
19,1.9,-2.0465364394,-0.0345253554,-0.4810581405,0.2424830647,0.1
20,2.0,-2.0870044864,-0.0067348845,-0.4046804698,0.2779047094,0.1
21,2.1,-2.1190432738,0.0240585927,-0.320387874,0.3079347717,0.1
22,2.2,-2.1419839278,0.0572109332,-0.22940654,0.3315234049,0.1
23,2.3,-2.1552846793,0.0919774986,-0.1330075152,0.347665654,0.1
24,2.4,-2.1585341592,0.1275166249,-0.0324947995,0.355391263,0.1
25,2.5,-2.1514550854,0.1628944164,0.0707907379,0.3537779154,0.1
26,2.6,-2.1339097666,0.1970937812,0.1754531879,0.3419936482,0.1
27,2.7,-2.1059084389,0.2290306828,0.2800132773,0.3193690157,0.1
28,2.8,-2.0676207981,0.2575800166,0.3828764081,0.2854933385,0.1
29,2.9,-2.0193902329,0.2816122883,0.4823056523,0.2403227171,0.1
30,3.0,-1.961749275,0.3000404528,0.5764095792,0.1842816454,0.1
31,3.1,-1.8954338093,0.3118741236,0.6631546573,0.1183367076,0.1
32,3.2,-1.8213928315,0.3162762936,0.7404097784,0.0440217002,0.1
33,3.3,-1.7407902466,0.3126162567,0.8060258495,-0.0366003689,0.1
34,3.4,-1.6549955765,0.3005120616,0.8579467015,-0.121041951,0.1
35,3.5,-1.5655615801,0.2798568544,0.8943399636,-0.2065520723,0.1
36,3.6,-1.4741885805,0.2508257897,0.9137299962,-0.2903106469,0.1
37,3.7,-1.3826774148,0.2138633566,0.9151116571,-0.3696243309,0.1
38,3.8,-1.2928748975,0.1696542325,0.8980251734,-0.4420912409,0.1
39,3.9,-1.2066170074,0.119083354,0.8625789006,-0.5057087847,0.1
40,4.0,-1.1256753287,0.0631921781,0.8094167865,-0.5589117589,0.1
41,4.1,-1.0517115079,0.0031378727,0.7396382078,-0.6005430541,0.1
42,4.2,-0.9862428499,-0.059839401,0.6546865803,-0.6297727373,0.1
43,4.3,-0.9306200769,-0.1244384035,0.5562277304,-0.6459900248,0.1
44,4.4,-0.8860161864,-0.1893079656,0.4460389049,-0.6486956214,0.1
45,4.5,-0.8534236509,-0.2530499348,0.3259253551,-0.6374196916,0.1
46,4.6,-0.833656126,-0.3142184203,0.1976752492,-0.6116848555,0.1
47,4.7,-0.8273504437,-0.3713209851,0.0630568231,-0.5710256476,0.1
48,4.8,-0.8349649235,-0.4228276754,-0.0761447975,-0.5150669034,0.1
49,4.9,-0.8567708628,-0.4671930854,-0.218059393,-0.4436541002,0.1
50,5.0,-0.8928353974,-0.5028950005,-0.3606453457,-0.3570191512,0.1
51,5.1,-0.9429956793,-0.5284906248,-0.5016028187,-0.255956243,0.1
52,5.2,-1.0068264072,-0.5426881621,-0.638307279,-0.1419753726,0.1
53,5.3,-1.0836049644,-0.544427991,-0.7677855715,-0.0173982895,0.1
54,5.4,-1.1722804375,-0.5329644675,-0.8867547306,0.114635235,0.1
55,5.5,-1.2714541187,-0.5079372721,-0.9917368119,0.2502719543,0.1
56,5.6,-1.3793791655,-0.4694209659,-1.0792504684,0.3851630623,0.1
57,5.7,-1.4939854451,-0.4179435325,-1.1460627961,0.514774334,0.1
58,5.8,-1.6129321165,-0.3544691526,-1.1894667139,0.6347437992,0.1
59,5.9,-1.7336856803,-0.2803465583,-1.2075356384,0.7412259426,0.1
60,6.0,-1.8536161445,-0.1972306632,-1.1993046419,0.831158951,0.1
61,6.1,-1.9701000491,-0.1069900718,-1.1648390463,0.9024059141,0.1
62,6.2,-2.080617607,-0.0116151467,-1.1051755793,0.953749251,0.1
63,6.3,-2.1828326509,0.0868600061,-1.0221504386,0.9847515279,0.1
64,6.4,-2.2746479699,0.1864124718,-0.9181531896,0.9955246567,0.1
65,6.5,-2.3542337617,0.2850589907,-0.795857918,0.9864651888,0.1
66,6.6,-2.4200319053,0.3808603614,-0.6579814359,0.9580137068,0.1
67,6.7,-2.4707424992,0.4719088019,-0.5071059386,0.9104844055,0.1
68,6.8,-2.5053011358,0.5563080886,-0.3455863659,0.8439928667,0.1
69,6.9,-2.5228557722,0.6321572202,-0.1755463641,0.7584913156,0.1
70,7.0,-2.5227511927,0.6975476702,0.0010457946,0.6539045004,0.1
71,7.1,-2.5045273583,0.7505823179,0.1822383439,0.5303464768,0.1
72,7.2,-2.4679356782,0.7894211516,0.3659168011,0.3883883365,0.1
73,7.3,-2.4129745152,0.8123549968,0.5496116296,0.2293384523,0.1
74,7.4,-2.3399420215,0.8179039996,0.7303249367,0.055490028,0.1
75,7.5,-2.2495006906,0.8049326675,0.9044133094,-0.1297133212,0.1
76,7.6,-2.1427440201,0.7727684398,1.067566705,-0.3216422769,0.1
77,7.7,-2.0212520348,0.721306863,1.2149198533,-0.5146157678,0.1
78,7.8,-1.8871202544,0.6510846884,1.3413178036,-0.7022217455,0.1
79,7.9,-1.7429474763,0.563303946,1.4417277814,-0.8778074236,0.1
80,8.0,-1.591772678,0.459796245,1.5117479833,-1.0350770097,0.1
81,8.1,-1.4369604869,0.3429269662,1.5481219111,-1.1686927876,0.1
82,8.2,-1.2820461784,0.2154515585,1.5491430852,-1.2747540775,0.1
83,8.3,-1.1305615185,0.0803471303,1.5148465992,-1.3510442822,0.1
84,8.4,-0.9858680934,-0.0593519789,1.4469342507,-1.3969910916,0.1
85,8.5,-0.8510228654,-0.2006881234,1.3484522799,-1.4133614451,0.1
86,8.6,-0.7286922898,-0.3408662399,1.2233057558,-1.4017811649,0.1
87,8.7,-0.6211196707,-0.4772866206,1.0757261914,-1.3642038073,0.1
88,8.8,-0.5301394949,-0.6075312998,0.9098017575,-1.3024467918,0.1
89,8.9,-0.4572251001,-0.7293189623,0.7291439478,-1.2178766247,0.1
90,9.0,-0.4035530403,-0.8404468531,0.536720598,-1.1112789084,0.1
91,9.1,-0.3700681199,-0.9387377898,0.334849204,-0.9829093674,0.1
92,9.2,-0.3575357587,-1.0220074692,0.125323612,-0.832696794,0.1
93,9.3,-0.3665717563,-1.0880631661,-0.0903599758,-0.6605569691,0.1
94,9.4,-0.3976428403,-1.1347405179,-0.3107108396,-0.4667735185,0.1
95,9.5,-0.4510344489,-1.1599807195,-0.5339160858,-0.2524020159,0.1
96,9.6,-0.5267853651,-1.1619460397,-0.7575091619,-0.0196532021,0.1
97,9.7,-0.6245927316,-1.139166762,-0.9780736654,0.2277927771,0.1
98,9.8,-0.7436962673,-1.0907070382,-1.1910353574,0.4845972377,0.1
99,9.9,-0.882757337,-1.0163306535,-1.3906106972,0.7437638472,0.1
100,10.0,-1.0397559737,-0.9166411659,-1.5699863666,0.9968948756,0.1
101,10.1,-1.2119344929,-0.7931665998,-1.721785192,1.2347456615,0.1
102,10.2,-1.3958160598,-0.64836045,-1.838815669,1.4480614975,0.1
103,10.3,-1.5873167557,-0.4855016397,-1.9150069588,1.6285881028,0.1
104,10.4,-1.7819497189,-0.3084967011,-1.9463296317,1.7700493856,0.1
105,10.5,-1.9750947253,-0.1216128448,-1.9314500635,1.8688385635,0.1
106,10.6,-2.1622858948,0.0708089833,-1.8719116948,1.9242182814,0.1
107,10.7,-2.3394637357,0.264606042,-1.7717784094,1.9379705865,0.1
108,10.8,-2.50314882,0.4559675539,-1.636850843,1.9136151188,0.1
109,10.9,-2.6505176711,0.6415112281,-1.4736885107,1.855436742,0.1
110,11.0,-2.7793865425,0.818269378,-1.2886887139,1.767581499,0.1
111,11.1,-2.8881266379,0.9836099526,-1.0874009537,1.6534057458,0.1
112,11.2,-2.9755414344,1.1351251997,-0.8741479646,1.515152471,0.1
113,11.3,-3.0407348633,1.2705186219,-0.6519342886,1.3539342222,0.1
114,11.4,-3.0829923784,1.3875135307,-0.4225751508,1.1699490881,0.1
115,11.5,-3.1016893457,1.4837978564,-0.1869696729,0.9628432566,0.1
116,11.6,-3.0962351113,1.557012498,0.054542344,0.7321464161,0.1
117,11.7,-3.066057344,1.6047854638,0.3017776729,0.4777296577,0.1
118,11.8,-3.0106294793,1.6248113267,0.5542786472,0.2002586287,0.1
119,11.9,-2.9295432946,1.6149743258,0.8108618473,-0.0983700094,0.1
120,12.0,-2.8226273332,1.5735123941,1.0691596137,-0.414619317,0.1
121,12.1,-2.6901082412,1.4992165952,1.3251909204,-0.7429579894,0.1
122,12.2,-2.532804279,1.3916538812,1.5730396219,-1.0756271404,0.1
123,12.3,-2.3523274646,1.2513895978,1.8047681441,-1.4026428335,0.1
124,12.4,-2.1512547322,1.0801712225,2.010727324,-1.7121837531,0.1
125,12.5,-1.9332152085,0.881022284,2.1803952375,-1.9914893849,0.1
126,12.6,-1.7028403674,0.6581953454,2.3037484106,-2.2282693863,0.1
127,12.7,-1.4655460911,0.4169549945,2.3729427626,-2.4124035088,0.1
128,12.8,-1.2271609112,0.16320644,2.3838517988,-2.5374855447,0.1
129,12.9,-0.9934674419,-0.0969627961,2.3369346926,-2.601692361,0.1
130,13.0,-0.7697579067,-0.3577276025,2.2370953516,-2.6076480642,0.1
131,13.1,-0.5604999959,-0.6138613646,2.0925791079,-2.5613376205,0.1
132,13.2,-0.36916863,-0.8609095572,1.9133136595,-2.4704819262,0.1
133,13.3,-0.1982453528,-1.0952010906,1.7092327719,-2.3429153338,0.1
134,13.4,-0.0493455284,-1.3137390988,1.4889982439,-2.1853800824,0.1
135,13.5,0.0765833782,-1.5140292192,1.2592890665,-2.002901204,0.1
136,13.6,0.1790444218,-1.6938977086,1.0246104362,-1.7986848936,0.1
137,13.7,0.257790906,-1.8513347032,0.7874648424,-1.5743699465,0.1
138,13.8,0.3126624359,-1.9843796431,0.5487152994,-1.3304493986,0.1
139,13.9,0.3434637465,-2.0910521031,0.3080131056,-1.0667246003,0.1
140,14.0,0.3498856682,-2.1693237067,0.0642192171,-0.7827160363,0.1
141,14.1,0.3314654055,-2.2171247941,-0.184202627,-0.478010874,0.1
142,14.2,0.2875845478,-2.2323815587,-0.438808577,-0.1525676464,0.1
143,14.3,0.2175064405,-2.2130837744,-0.7007810727,0.1929778428,0.1
144,14.4,0.1204583238,-2.1573883345,-0.9704811672,0.5569543989,0.1
145,14.5,-0.0042336062,-2.0637677257,-1.2469192995,0.9362060876,0.1
146,14.6,-0.1569485875,-1.9312128131,-1.5271498127,1.3255491261,0.1
147,14.7,-0.3375144062,-1.7594927333,-1.8056581873,1.7172007982,0.1
148,14.8,-0.5449050591,-1.5494580045,-2.0739065287,2.1003472883,0.1
149,14.9,-0.7769361092,-1.3033451398,-2.3203105013,2.4611286468,0.1
150,15.0,-1.0300334901,-1.0250077023,-2.5309738089,2.7833743746,0.1
151,15.1,-1.2991732752,-0.7199761438,-2.6913978508,3.0503155854,0.1
152,15.2,-1.5780767717,-0.3952611209,-2.7890349654,3.2471502287,0.1
153,15.3,-1.859681189,-0.0588783971,-2.8160441726,3.3638272378,0.1
154,15.4,-2.1368061641,0.2808270761,-2.7712497505,3.3970547321,0.1
155,15.5,-2.4028518087,0.6158957493,-2.6604564459,3.3506867321,0.1
156,15.6,-2.6523490917,0.9393291859,-2.4949728298,3.2343343659,0.1
157,15.7,-2.8812487013,1.2454135291,-2.2889960959,3.0608434322,0.1
158,15.8,-3.0869365397,1.5297779568,-2.0568783844,2.8436442772,0.1
159,15.9,-3.2680446274,1.7892546729,-1.8110808766,2.594767161,0.1
160,16.0,-3.4241562529,2.0216360861,-1.5611162545,2.3238141316,0.1
161,16.1,-3.5554912663,2.2254114264,-1.3133501343,2.0377534026,0.1
162,16.2,-3.662625484,2.3995332525,-1.071342177,1.7412182609,0.1
163,16.3,-3.746267269,2.5432341199,-0.8364178503,1.4370086737,0.1
164,16.4,-3.8070934364,2.6558939133,-0.6082616735,1.1265979337,0.1
165,16.5,-3.8456362479,2.7369492768,-0.3854281154,0.8105536351,0.1
166,16.6,-3.8622104197,2.785834917,-0.165741718,0.4888564018,0.1
167,16.7,-3.8568704854,2.8019488107,0.0533993426,0.1611389366,0.1
168,16.8,-3.8293922476,2.784637113,0.2747823784,-0.1731169772,0.1
169,16.9,-3.7792761779,2.7331986028,0.5011606968,-0.5143851024,0.1
170,17.0,-3.7057750022,2.6469124018,0.7350117568,-0.8628620099,0.1
171,17.1,-3.6079521191,2.5250963797,0.9782288314,-1.2181602213,0.1
172,17.2,-3.4847816019,2.3672068917,1.2317051722,-1.5788948805,0.1
173,17.3,-3.3353033164,2.17299243,1.4947828553,-1.9421446172,0.1
174,17.4,-3.1588459548,1.9427123496,1.7645736161,-2.3028008041,0.1
175,17.5,-2.9553228432,1.6774234877,2.0352311163,-2.6528886188,0.1
176,17.6,-2.7255856936,1.3793178183,2.2973714964,-2.9810566935,0.1
177,17.7,-2.4717876747,1.0520609604,2.5379801888,-3.2725685791,0.1
178,17.8,-2.1976650919,0.7010402099,2.741225828,-3.5102075046,0.1
179,17.9,-1.9086169508,0.3334020392,2.8904814112,-3.6763817072,0.1
180,18.0,-1.6114760616,-0.0422252162,2.9714088921,-3.7562725537,0.1
181,18.1,-1.3139467382,-0.4163452435,2.9752932337,-3.7412002727,0.1
182,18.2,-1.0238124546,-0.7794371921,2.9013428364,-3.630919486,0.1
183,18.3,-0.7481220676,-1.122816657,2.7569038696,-3.4337946493,0.1
184,18.4,-0.4925736311,-1.4392925227,2.5554843648,-3.1647586575,0.1
185,18.5,-0.2612227963,-1.723490978,2.3135083477,-2.8419845526,0.1
186,18.6,-0.0565124194,-1.9718495031,2.0471037691,-2.4835852513,0.1
187,18.7,0.1204732751,-2.1823780632,1.7698569453,-2.1052856009,0.1
188,18.8,0.2696525209,-2.3543115819,1.4917924585,-1.7193351868,0.1
189,18.9,0.3915859981,-2.4877538966,1.2193347721,-1.3344231472,0.1
190,19.0,0.4871692963,-2.5833715296,0.9558329815,-0.9561763296,0.1
191,19.1,0.5573980386,-2.6421590473,0.7022874229,-0.5878751768,0.1
192,19.2,0.6032036012,-2.6652748102,0.4580556257,-0.2311576286,0.1
193,19.3,0.6253476313,-2.6539353228,0.2214403007,0.1133948742,0.1
194,19.4,0.6243619545,-2.6093539224,-0.0098567684,0.445814004,0.1
195,19.5,0.6005230367,-2.5327114038,-0.2383891778,0.7664251864,0.1
196,19.6,0.5538544552,-2.4251500288,-0.4666858149,1.0756137496,0.1
197,19.7,0.4841555741,-2.2877870721,-0.6969888115,1.3736295674,0.1
198,19.8,0.3910591945,-2.1217490538,-0.9309637965,1.660380183,0.1
199,19.9,0.2741248105,-1.9282325554,-1.1693438401,1.9351649839,0.1
200,20.0,0.1329762928,-1.7086009199,-1.4114851773,2.1963163548,0.1
201,20.1,-0.0325083809,-1.4645262566,-1.6548467374,2.4407466329,0.1
202,20.2,-0.2219548495,-1.1981801782,-1.8944646856,2.6634607839,0.1
203,20.3,-0.434212639,-0.9124617653,-2.1225778952,2.857184129,0.1
204,20.4,-0.6670775245,-0.6112268226,-2.3286488548,3.0123494267,0.1
205,20.5,-0.9170834384,-0.2994539698,-2.5000591388,3.1177285277,0.1
206,20.6,-1.1794487023,0.0167352656,-2.6236526394,3.1618923538,0.1
207,20.7,-1.4482483818,0.3302734423,-2.6879967954,3.1353817666,0.1
208,20.8,-1.7168292184,0.6335782111,-2.6858083662,3.0330476883,0.1
209,20.9,-1.9783992488,0.919150892,-2.6157003045,2.8557268086,0.1
210,21.0,-2.2266526148,1.1802052045,-2.4825336604,2.6105431246,0.1
211,21.1,-2.456275253,1.4111740477,-2.2962263816,2.3096884323,0.1
212,21.2,-2.6632287683,1.6079934157,-2.0695351528,1.9681936802,0.1
213,21.3,-2.8447944154,1.7681463477,-1.8156564706,1.6015293197,0.1
214,21.4,-2.9994296476,1.8905194152,-1.5463523222,1.2237306753,0.1
215,21.5,-3.1265200191,1.9751536972,-1.2709037149,0.84634282,0.1
216,21.6,-3.226102752,2.0229650099,-0.9958273289,0.4781131266,0.1
217,21.7,-3.2986135391,2.0354829717,-0.7251078711,0.1251796182,0.1
218,21.8,-3.3446821905,2.0146324482,-0.4606865143,-0.2085052347,0.1
219,21.9,-3.364984197,1.9625627634,-0.2030200648,-0.520696848,0.1
220,22.0,-3.3601456135,1.8815212286,0.0483858352,-0.810415348,0.1
221,22.1,-3.3306957727,1.7737658307,0.2944984079,-1.0775539789,0.1
222,22.2,-3.2770633491,1.6415142523,0.5363242364,-1.3225157843,0.1
223,22.3,-3.1996137403,1.4869300119,0.7744960876,-1.5458424036,0.1
224,22.4,-3.0987277177,1.3121492327,1.0088602257,-1.7478077919,0.1
225,22.5,-2.9749212673,1.1193516298,1.2380645044,-1.9279760293,0.1
226,22.6,-2.8290031407,0.910875363,1.4591812657,-2.0847626679,0.1
227,22.7,-2.6622588734,0.6893665811,1.6674426734,-2.2150878191,0.1
228,22.8,-2.4766380347,0.4579411822,1.8562083865,-2.3142539893,0.1
229,22.9,-2.2749077426,0.2203213211,2.0173029208,-2.3761986114,0.1
230,23.0,-2.0607258166,-0.0191014154,2.1418192598,-2.394227365,0.1
231,23.1,-1.8385896731,-0.2553220135,2.2213614346,-2.3622059807,0.1
232,23.2,-1.6136387365,-0.4829214224,2.2495093659,-2.2759940887,0.1
233,23.3,-1.3913269692,-0.6963943482,2.223117673,-2.1347292584,0.1
234,23.4,-1.1770243184,-0.8905476671,2.1430265084,-1.9415331889,0.1
235,23.5,-0.975631022,-1.0608857667,2.0139329641,-1.7033809964,0.1
236,23.6,-0.7912831132,-1.2039039056,1.8434790882,-1.4301813894,0.1
237,23.7,-0.6271944816,-1.3172428843,1.6408863161,-1.1333897869,0.1
238,23.8,-0.4856382261,-1.3997003853,1.4155625546,-0.8245750097,0.1
239,23.9,-0.3680368304,-1.4511273622,1.1760139567,-0.5142697688,0.1
240,24.0,-0.2751161693,-1.4722526813,0.9292066115,-0.2112531905,0.1
241,24.1,-0.2070804748,-1.4644778856,0.6803569454,0.0777479573,0.1
242,24.2,-0.1637764197,-1.4296740876,0.4330405509,0.3480379799,0.1
243,24.3,-0.1448270458,-1.3700017538,0.189493739,0.5967233378,0.1
244,24.4,-0.149726221,-1.2877653938,-0.0489917515,0.8223636005,0.1
245,24.5,-0.1778906088,-1.1853096664,-0.2816438784,1.0245572742,0.1
246,24.6,-0.2286695671,-1.0649601729,-0.5077895828,1.2034949354,0.1
247,24.7,-0.3013154055,-0.9290097235,-0.7264583843,1.3595044941,0.1
248,24.8,-0.3949184478,-0.7797478477,-0.9360304232,1.4926187585,0.1
249,24.9,-0.5083144182,-0.6195269526,-1.1339597038,1.6022089506,0.1
250,25.0,-0.6399762972,-0.4508526307,-1.3166187895,1.6867432185,0.1
251,25.1,-0.7879085907,-0.2764788051,-1.4793229347,1.7437382557,0.1
252,25.2,-0.9495673722,-0.0994824024,-1.6165878154,1.7699640265,0.1
253,25.3,-1.1218317324,0.0767101368,-1.7226436016,1.7619253922,0.1
254,25.4,-1.3010481962,0.2483678003,-1.7921646378,1.7165766347,0.1
255,25.5,-1.4831573709,0.4115817436,-1.8210917472,1.6321394334,0.1
256,25.6,-1.6638931383,0.5624644035,-1.8073576741,1.5088265994,0.1
257,25.7,-1.8390249153,0.6973909216,-1.7513177699,1.3492651808,0.1
258,25.8,-2.0046008274,0.8132393926,-1.6557591209,1.1584847098,0.1
259,25.9,-2.1571497722,0.907586068,-1.5254894482,0.943466754,0.1
260,26.0,-2.2938131301,0.9788242459,-1.3666335792,0.7123817789,0.1
261,26.1,-2.4123964127,1.0261953603,-1.1858328261,0.473711144,0.1
262,26.2,-2.5113495742,1.0497399271,-0.989531615,0.2354456678,0.1
263,26.3,-2.589696509,1.0501889016,-0.7834693479,0.004489745,0.1
264,26.4,-2.6469380568,1.0288211033,-0.5724154783,-0.2136779829,0.1
265,26.5,-2.6829505151,0.9873112676,-0.3601245833,-0.4150983572,0.1
266,26.6,-2.6978962326,0.9275887144,-0.1494571753,-0.5972255317,0.1
267,26.7,-2.6921568194,0.8517208519,0.0573941318,-0.7586786252,0.1
268,26.8,-2.6662941956,0.7618300257,0.2586262382,-0.8989082621,0.1
269,26.9,-2.6210404365,0.6600470131,0.4525375912,-1.0178301258,0.1
270,27.0,-2.5573139043,0.5484997255,0.6372653217,-1.1154728762,0.1
271,27.1,-2.4762560653,0.4293313025,0.8105783901,-1.1916842301,0.1
272,27.2,-2.3792804074,0.3047377491,0.9697565785,-1.2459355337,0.1
273,27.3,-2.2681220828,0.1770118376,1.1115832464,-1.2772591147,0.1
274,27.4,-2.1448748493,0.0485777824,1.2324723351,-1.2843405521,0.1
275,27.5,-2.0120015429,-0.0779988769,1.3287330637,-1.2657665934,0.1
276,27.6,-1.8723067265,-0.2000387258,1.3969481639,-1.220398489,0.1
277,27.7,-1.728865895,-0.3148192545,1.434408315,-1.1478052873,0.1
278,27.8,-1.5849140853,-0.419685624,1.4395180974,-1.0486636955,0.1
279,27.9,-1.443705946,-0.5121880818,1.4120813933,-0.9250245784,0.1
280,28.0,-1.3083663818,-0.5902250712,1.3533956415,-0.7803698938,0.1
281,28.1,-1.1817532678,-0.6521684837,1.2661311402,-0.6194341254,0.1
282,28.2,-1.0663505536,-0.6969509016,1.154027142,-0.4478241786,0.1
283,28.3,-0.9642026037,-0.7241028336,1.0214794991,-0.2715193199,0.1
284,28.4,-0.8768915376,-0.7337381034,0.8731106609,-0.0963526976,0.1
285,28.5,-0.8055514436,-0.7264947277,0.7134009403,0.0724337574,0.1
286,28.6,-0.7509083974,-0.7034448019,0.5464304625,0.230499258,0.1
287,28.7,-0.7133336059,-0.6659894205,0.3757479152,0.3745538141,0.1
288,28.8,-0.6928980602,-0.6157539253,0.2043554568,0.5023549522,0.1
289,28.9,-0.6894197585,-0.5544957741,0.0347830167,0.6125815121,0.1
290,29.0,-0.7024978747,-0.4840331108,-0.1307811623,0.7046266328,0.1
291,29.1,-0.7315315494,-0.4061975752,-0.2903367475,0.7783553556,0.1
292,29.2,-0.7757239397,-0.3228106343,-0.441923903,0.8338694088,0.1
293,29.3,-0.8340746664,-0.2356791317,-0.583507267,0.8713150259,0.1
294,29.4,-0.9053657995,-0.1466030656,-0.7129113306,0.8907606611,0.1
295,29.5,-0.9881479313,-0.0573869779,-0.8278213185,0.8921608769,0.1
296,29.6,-1.0807335188,0.0301540686,-0.9258558746,0.8754104646,0.1
297,29.7,-1.1812042612,0.1142019639,-1.0047074241,0.8404789533,0.1
298,29.8,-1.2874376055,0.192962046,-1.0623334426,0.7876008215,0.1
299,29.9,-1.3971545254,0.264710373,-1.0971691988,0.7174832702,0.1
300,30.0,-1.5079868882,0.3278588879,-1.108323628,0.631485149,0.1
301,30.1,-1.6175587774,0.3810310461,-1.0957188925,0.5317215821,0.1
302,30.2,-1.723573093,0.4231371633,-1.0601431557,0.4210611717,0.1
303,30.3,-1.8238934799,0.4534376398,-1.0032038689,0.3030047649,0.1
304,30.4,-1.9166125306,0.4715837495,-0.9271905068,0.1814610975,0.1
305,30.5,-2.0000999805,0.4776295018,-0.8348744992,0.0604575228,0.1
306,30.6,-2.0730284372,0.4720131894,-0.7292845665,-0.0561631242,0.1
307,30.7,-2.1343780053,0.4555123203,-0.6134956813,-0.1650086914,0.1
308,30.8,-2.1834241194,0.4291795255,-0.4904611413,-0.263327948,0.1
309,30.9,-2.2197144997,0.3942690367,-0.3629038028,-0.3491048884,0.1
310,31.0,-2.2430413779,0.3521632991,-0.2332687825,-0.4210573761,0.1
311,31.1,-2.2534142812,0.3043075819,-0.1037290331,-0.4785571723,0.1
312,31.2,-2.2510371334,0.2521577013,0.023771478,-0.5214988063,0.1
313,31.3,-2.2362916491,0.1971428831,0.1474548435,-0.5501481818,0.1
314,31.4,-2.2097272651,0.1406429466,0.2656438403,-0.5649993649,0.1
315,31.5,-2.1720563812,0.0839767849,0.376708839,-0.5666616175,0.1
316,31.6,-2.1241525756,0.0283977438,0.4790380558,-0.555790411,0.1
317,31.7,-2.0670487855,-0.0249089949,0.5710379009,-0.533067387,0.1
318,31.8,-2.0019322419,-0.0748315846,0.6511654356,-0.4992258969,0.1
319,31.9,-1.9301332539,-0.120342719,0.7179898804,-0.4551113439,0.1
320,32.0,-1.8531057503,-0.1605186709,0.7702750357,-0.4017595185,0.1
321,32.1,-1.7723987443,-0.1945658883,0.8070700602,-0.3404721739,0.1
322,32.2,-1.6896194145,-0.2218527097,0.8277932979,-0.2728682144,0.1
323,32.3,-1.6063900386,-0.2419419089,0.8322937587,-0.2008919922,0.1
324,32.4,-1.5243022385,-0.2546186689,0.8208780009,-0.1267676002,0.1
325,32.5,-1.4448726171,-0.2599085492,0.7942962144,-0.0528988035,0.1
326,32.6,-1.3695037195,-0.258081165,0.7536889756,0.0182738419,0.1
327,32.7,-1.2994533703,-0.2496374507,0.7005034923,0.084437143,0.1
328,32.8,-1.2358140443,-0.2352810555,0.6363932602,0.1435639519,0.1
329,32.9,-1.1795023731,-0.2158769741,0.5631167119,0.1940408136,0.1
330,33.0,-1.1312575163,-0.1924023529,0.4824485675,0.2347462125,0.1
331,33.1,-1.0916462017,-0.1658951501,0.3961131457,0.2650720283,0.1
332,33.2,-1.061071864,-0.1374059134,0.3057433769,0.2848923673,0.1
333,33.3,-1.0397854475,-0.1079566084,0.2128641652,0.29449305,0.1
334,33.4,-1.0278959398,-0.0785086204,0.1188950775,0.2944798797,0.1
335,33.5,-1.0253793948,-0.049940213,0.0251654496,0.285684074,0.1
336,33.6,-1.0320859225,-0.0230322279,-0.0670652774,0.2690798514,0.1
337,33.7,-1.047744754,0.0015401409,-0.156588315,0.2457236882,0.1
338,33.8,-1.0719679741,0.0232120139,-0.2422322012,0.2167187303,0.1
339,33.9,-1.1042538191,0.0415322518,-0.3228584496,0.1832023793,0.1
340,34.0,-1.1439905638,0.0561673318,-0.3973674468,0.1463508004,0.1
341,34.1,-1.1904619805,0.0669064616,-0.4647141669,0.1073912978,0.1
342,34.2,-1.2428551555,0.0736676908,-0.52393175,0.0676122921,0.1
343,34.3,-1.3002711315,0.0765038038,-0.5741597602,0.0283611295,0.1
344,34.4,-1.3617384497,0.0756060292,-0.6146731818,-0.0089777456,0.1
345,34.5,-1.4262292589,0.0713032596,-0.6449080919,-0.0430276957,0.1
346,34.6,-1.4926773148,0.064054658,-0.6644805592,-0.0724860159,0.1
347,34.7,-1.5599969725,0.0544342754,-0.6731965766,-0.0962038257,0.1
348,34.8,-1.6271022178,0.0431074985,-0.6710524531,-0.1132677686,0.1
349,34.9,-1.6929248835,0.0308005419,-0.6582266569,-0.1230695661,0.1
350,35.0,-1.7564314041,0.0182654545,-0.6350652063,-0.125350874,0.1
351,35.1,-1.8166377164,0.0062438977,-0.6020631228,-0.120215568,0.1
352,35.2,-1.8726221383,-0.0045669331,-0.559844219,-0.1081083082,0.1
353,35.3,-1.9235362239,-0.013543439,-0.5091408555,-0.0897650587,0.1
354,35.4,-1.9686136844,-0.020158064,-0.4507746051,-0.0661462497,0.1
355,35.5,-2.0071775123,-0.02399459,-0.3856382788,-0.0383652598,0.1
356,35.6,-2.0386454725,-0.0247569617,-0.3146796017,-0.0076237173,0.1
357,35.7,-2.0625341624,-0.0222731163,-0.2388868995,0.0248384536,0.1
358,35.8,-2.0784618944,-0.0164956109,-0.1592773196,0.0577750537,0.1
359,35.9,-2.0861507151,-0.0075006924,-0.076888207,0.0899491853,0.1
360,36.0,-2.0854279336,0.0045130706,0.0072278149,0.1201376304,0.1
361,36.1,-2.0762275567,0.0192262344,0.0920037695,0.1471316383,0.1
362,36.2,-2.0585920154,0.0362004885,0.1763554133,0.1697425405,0.1
363,36.3,-2.0326744913,0.0548824733,0.2591752408,0.1868198479,0.1
364,36.4,-1.9987420017,0.0746111911,0.3393248964,0.1972871785,0.1
365,36.5,-1.9571791727,0.0946309548,0.4156282902,0.2001976374,0.1
366,36.6,-1.9084923243,0.1141115008,0.4868684836,0.19480546,0.1
367,36.7,-1.8533131315,0.1321760561,0.5517919285,0.180645553,0.1
368,36.8,-1.7924007703,0.1479368738,0.6091236124,0.157608177,0.1
369,36.9,-1.7266411928,0.1605362541,0.6575957749,0.1259938034,0.1
370,37.0,-1.6570420979,0.1691896889,0.6959909495,0.0865343483,0.1
371,37.1,-1.5847223694,0.1732268845,0.7231972853,0.0403719562,0.1
372,37.2,-1.5108952747,0.1721263349,0.7382709466,-0.011005496,0.1
373,37.3,-1.4368455022,0.1655399405,0.7404977252,-0.0658639443,0.1
374,37.4,-1.3639010278,0.1533057466,0.7294447442,-0.1223419393,0.1
375,37.5,-1.2934016384,0.1354488385,0.7049938941,-0.1785690809,0.1
376,37.6,-1.2266664934,0.1121722966,0.6673514501,-0.232765419,0.1
377,37.7,-1.1649632397,0.0838414551,0.6170325371,-0.2833084149,0.1
378,37.8,-1.1094808721,0.050965262,0.5548236758,-0.3287619306,0.1
379,37.9,-1.0613078297,0.0141782609,0.4817304244,-0.3678700111,0.1
380,38.0,-1.0214158959,-0.0257742456,0.3989193384,-0.3995250654,0.1
381,38.1,-0.9906495144,-0.0680466796,0.307663815,-0.4227243404,0.1
382,38.2,-0.969719306,-0.1116996848,0.2093020841,-0.4365300524,0.1
383,38.3,-0.959197992,-0.155704433,0.1052131396,-0.4400474817,0.1
384,38.4,-0.9595166616,-0.1989476555,-0.0031866965,-0.4324322255,0.1
385,38.5,-0.9709593839,-0.2402409597,-0.1144272225,-0.4129330422,0.1
386,38.6,-0.9936545652,-0.2783380188,-0.2269518126,-0.3809705915,0.1
387,38.7,-1.0275621729,-0.3119625416,-0.3390760767,-0.3362452278,0.1
388,38.8,-1.0724569496,-0.3398484957,-0.4489477665,-0.2788595413,0.1
389,38.9,-1.1279089504,-0.3607919763,-0.5545200083,-0.2094348065,0.1
390,39.0,-1.1932639997,-0.3737116422,-0.6535504932,-0.1291966588,0.1
391,39.1,-1.2676277508,-0.3777122451,-0.7436375112,-0.0400060289,0.1
392,39.2,-1.3498576577,-0.3721440309,-0.8222990692,0.0556821417,0.1
393,39.3,-1.4385670392,-0.3566502522,-0.8870938153,0.1549377865,0.1
394,39.4,-1.5321443533,-0.3311960576,-0.9357731406,0.2545419459,0.1
395,39.5,-1.6287888299,-0.2960745934,-0.9664447664,0.3512146423,0.1
396,39.6,-1.7265610423,-0.2518898079,-0.9777221244,0.4418478553,0.1
397,39.7,-1.8234443801,-0.1995193666,-0.9688333781,0.5237044134,0.1
398,39.8,-1.9174113872,-0.1400643186,-0.9396700708,0.5945504801,0.1
399,39.9,-2.0064880868,-0.0747939179,-0.8907669957,0.6527040069,0.1
400,40.0,-2.0888099714,-0.0050939265,-0.8232188458,0.6969999139,0.1
401,40.1,-2.1626651276,0.0675750518,-0.7385515617,0.7266897835,0.1
402,40.2,-2.2265225091,0.1417055949,-0.638573815,0.7413054311,0.1
403,40.3,-2.2790460496,0.215757594,-0.5252354045,0.7405199914,0.1
404,40.4,-2.3190975733,0.2881613565,-0.4005152366,0.7240376254,0.1
405,40.5,-2.3457329785,0.3573149166,-0.266354052,0.6915356009,0.1
406,40.6,-2.3581968218,0.4215821761,-0.1246384327,0.6426725954,0.1
407,40.7,-2.3559202712,0.4792988059,0.0227655057,0.5771662983,0.1
408,40.8,-2.3385265439,0.5287920666,0.173937273,0.4949326071,0.1
409,40.9,-2.3058465085,0.5684188987,0.326800354,0.3962683214,0.1
410,41.0,-2.2579452052,0.5966238722,0.4790130331,0.2820497353,0.1
411,41.1,-2.1951577017,0.6120150719,0.6278750353,0.1539119969,0.1
412,41.2,-2.1181301218,0.6134521037,0.7702757992,0.0143703182,0.1
413,41.3,-2.0278591632,0.6001367302,0.902709586,-0.133153735,0.1
414,41.4,-1.925721469,0.571693967,1.0213769416,-0.284427632,0.1
415,41.5,-1.8134835082,0.5282306559,1.1223796078,-0.4346331109,0.1
416,41.6,-1.693283825,0.4703602721,1.2019968321,-0.5787038378,0.1
417,41.7,-1.5675830012,0.3991872486,1.2570082383,-0.7117302351,0.1
418,41.8,-1.4390821462,0.3162508604,1.2850085504,-0.8293638823,0.1
419,41.9,-1.3106170561,0.2234362841,1.2846509013,-0.9281457629,0.1
420,42.0,-1.1850406035,0.122866829,1.2557645255,-1.0056945505,0.1
421,42.1,-1.0651086714,0.0167946187,1.1993193212,-1.060722103,0.1
422,42.2,-0.9533840515,-0.0924938222,1.1172461991,-1.0928844091,0.1
423,42.3,-0.8521684861,-0.2027452114,1.0121556535,-1.102513892,0.1
424,42.4,-0.7634668438,-0.3117753604,0.8870164231,-1.0903014903,0.1
425,42.5,-0.6889811399,-0.4174753238,0.7448570389,-1.0569996344,0.1
426,42.6,-0.6301272544,-0.5177956614,0.5885388547,-1.0032033762,0.1
427,42.7,-0.5880644826,-0.6107201004,0.4206277179,-0.92924439,0.1
428,42.8,-0.5637274246,-0.6942410204,0.2433705799,-0.8352091995,0.1
429,42.9,-0.5578506568,-0.7663483782,0.0587676777,-0.7210735785,0.1
430,43.0,-0.5709785307,-0.8250414638,-0.131278739,-0.5869308563,0.1
431,43.1,-0.60345489,-0.8683696439,-0.3247635928,-0.4332818015,0.1
432,43.2,-0.655390334,-0.8945042633,-0.5193544397,-0.2613461945,0.1
433,43.3,-0.7266079474,-0.9018392675,-0.7121761339,-0.0733500424,0.1
434,43.4,-0.8165723006,-0.8891130382,-0.8996435322,0.1272622926,0.1
435,43.5,-0.924310974,-0.8555387018,-1.0773867342,0.335743364,0.1
436,43.6,-1.0483424178,-0.8009254379,-1.2403144382,0.5461326392,0.1
437,43.7,-1.1866275102,-0.7257702423,-1.3828509238,0.7515519563,0.1
438,43.8,-1.336562973,-0.6312998061,-1.499354628,0.9447043622,0.1
439,43.9,-1.4950309981,-0.5194472583,-1.584680251,1.1185254779,0.1
440,44.0,-1.6585101669,-0.3927590483,-1.6347916881,1.2668821001,0.1
441,44.1,-1.823239336,-0.2542416415,-1.6472916913,1.3851740682,0.1
442,44.2,-1.9854124766,-0.1071719551,-1.6217314057,1.4706968638,0.1
443,44.3,-2.1413735983,0.0450955734,-1.5596112168,1.5226752854,0.1
444,44.4,-2.2877806192,0.1992924235,-1.4640702087,1.541968501,0.1
445,44.5,-2.4217155477,0.3523461897,-1.3393492847,1.5305376619,0.1
446,44.6,-2.5407321097,0.5014283695,-1.1901656196,1.4908217983,0.1
447,44.7,-2.6428458364,0.6439453156,-1.0211372674,1.4251694609,0.1
448,44.8,-2.726481526,0.7774886024,-0.8363568964,1.3354328679,0.1
449,44.9,-2.7903973511,0.8997659662,-0.6391582513,1.2227736379,0.1
450,45.0,-2.8336045007,1.0085337775,-0.4320714965,1.0876781133,0.1
451,45.1,-2.8552980544,1.1015485457,-0.2169355368,0.9301476816,0.1
452,45.2,-2.8548106839,1.1765501136,0.0048737052,0.7500156786,0.1
453,45.3,-2.8315969608,1.2312842592,0.2321372314,0.5473414563,0.1
454,45.4,-2.785252884,1.2635679444,0.4634407679,0.3228368517,0.1
455,45.5,-2.7155724186,1.2713964042,0.6968046542,0.0782845982,0.1
456,45.6,-2.6226395852,1.2530871777,0.9293283344,-0.1830922654,0.1
457,45.7,-2.5069500066,1.2074512964,1.156895786,-0.4563588133,0.1
458,45.8,-2.3695490829,1.1339755248,1.3740092372,-0.7347577163,0.1
459,45.9,-2.2121653187,1.0329918649,1.5738376418,-1.0098365986,0.1
460,46.0,-2.0373086975,0.9058031871,1.7485662123,-1.2718867777,0.1
461,46.1,-1.8482994803,0.7547306262,1.8900921718,-1.5107256094,0.1
462,46.2,-1.6491977218,0.5830543359,1.9910175847,-1.716762903,0.1
463,46.3,-1.4446216667,0.3948376763,2.0457605514,-1.8821665962,0.1
464,46.4,-1.2394717356,0.194653578,2.0514993113,-2.0018409831,0.1
465,46.5,-1.0386062354,-0.0127390502,2.0086550017,-2.0739262823,0.1
466,46.6,-0.8465318095,-0.2227047314,1.9207442593,-2.0996568121,0.1
467,46.7,-0.6671672209,-0.4309677041,1.7936458859,-2.0826297266,0.1
468,46.8,-0.503715499,-0.6337405195,1.6345172188,-2.0277281541,0.1
469,46.9,-0.3586483337,-0.8277422968,1.4506716533,-1.9400177727,0.1
470,47.0,-0.2337809499,-1.0101302045,1.2486738379,-1.8238790775,0.1
471,47.1,-0.130402812,-1.1783808696,1.033781379,-1.6825066512,0.1
472,47.2,-0.049429117,-1.3301586083,0.8097369495,-1.5177773865,0.1
473,47.3,0.0084546819,-1.4631994161,0.5788379885,-1.3304080778,0.1
474,47.4,0.0426735288,-1.5752290143,0.342188469,-1.1202959823,0.1
475,47.5,0.0526786405,-1.6639237785,0.1000511174,-0.8869476421,0.1
476,47.6,0.0379034082,-1.7269168801,-0.1477523231,-0.6299310158,0.1
477,47.7,-0.0022382034,-1.7618487348,-0.4014161162,-0.3493185466,0.1
478,47.8,-0.0683085953,-1.7664602174,-0.6607039191,-0.046114826,0.1
479,47.9,-0.1607563129,-1.7387277736,-0.9244771762,0.2773244382,0.1
480,48.0,-0.2797769832,-1.6770396496,-1.1902067028,0.6168812401,0.1
481,48.1,-0.4251278668,-1.5804095783,-1.453508836,0.9663007129,0.1
482,48.2,-0.5959080655,-1.4487159837,-1.7078019871,1.3169359455,0.1
483,48.3,-0.7903323223,-1.2829399605,-1.9442425682,1.6577602315,0.1
484,48.4,-1.0055459988,-1.0853563347,-2.1521367649,1.975836258,0.1
485,48.5,-1.237544064,-0.8596170906,-2.319980652,2.2573924408,0.1
486,48.6,-1.4812547084,-0.6106684497,-2.4371064438,2.489486409,0.1
487,48.7,-1.7308172305,-0.3444732525,-2.495625221,2.6619519723,0.1
488,48.8,-1.9800263516,-0.0675669261,-2.4920912112,2.7690632638,0.1
489,48.9,-2.2228537548,0.2134642718,-2.4282740323,2.8103119792,0.1
490,49.0,-2.4539256693,0.4924628918,-2.3107191445,2.7899862003,0.1
491,49.1,-2.668852443,0.7640356161,-2.1492677374,2.7157272432,0.1
492,49.2,-2.864361895,1.0236980681,-1.9550945198,2.59662452,0.1
493,49.3,-3.0382510596,1.2678455123,-1.7388916463,2.4414744419,0.1
494,49.4,-3.1892121748,1.4936064792,-1.5096111517,2.257609669,0.1
495,49.5,-3.3165993131,1.6986459121,-1.273871383,2.0503943294,0.1
496,49.6,-3.4201900895,1.8809712161,-1.0359077644,1.8232530399,0.1
497,49.7,-3.4999762043,2.0387726506,-0.7978611485,1.5780143447,0.1
498,49.8,-3.5559976201,2.1703095823,-0.5602141579,1.3153693167,0.1
499,49.9,-3.5882224915,2.2738410226,-0.3222487139,1.0353144031,0.1
500,50.0,-3.596468876,2.347593038,-0.0824638453,0.7375201537,0.1
501,50.1,-3.5803632039,2.3897554235,0.1610567208,0.4216238549,0.1
502,50.2,-3.5393326568,2.3985034322,0.4103054706,0.0874800873,0.1
503,50.3,-3.4726325222,2.3720455849,0.6670013463,-0.2645784727,0.1
504,50.4,-3.3794140889,2.3087042039,0.9321843326,-0.6334138096,0.1
505,50.5,-3.2588425023,2.2070399015,1.2057158658,-1.0166430243,0.1
506,50.6,-3.1102753801,2.0660329007,1.4856712221,-1.4100700077,0.1
507,50.7,-2.9335090371,1.8853299276,1.7676634296,-1.8070297312,0.1
508,50.8,-2.7290860818,1.665551782,2.0442295527,-2.1977814565,0.1
509,50.9,-2.4986328814,1.4086306538,2.3045320038,-2.5692112817,0.1
510,51.0,-2.2451597823,1.1181097805,2.5347309905,-2.9052087327,0.1
511,51.1,-1.9732234743,0.7993037521,2.7193630798,-3.1880602843,0.1
512,51.2,-1.6888444232,0.4592107238,2.8437905105,-3.400930283,0.1
513,51.3,-1.3991189337,0.1061141361,2.8972548954,-3.530965877,0.1
514,51.4,-1.1115661524,-0.2510876868,2.8755278125,-3.5720182291,0.1
515,51.5,-0.8333614449,-0.603674153,2.7820470753,-3.5258646617,0.1
516,51.6,-0.5706605367,-0.9438134344,2.6270090825,-3.4013928142,0.1
517,51.7,-0.3281765633,-1.2650289572,2.4248397336,-3.2121552281,0.1
518,51.8,-0.1090643331,-1.562364737,2.1911223021,-2.9733577985,0.1
519,51.9,0.0849392411,-1.8322972114,1.9400357418,-2.6993247436,0.1
520,52.0,0.2532234368,-2.0724946739,1.6828419571,-2.4019746255,0.1
521,52.1,0.395964116,-2.2815241753,1.4274067921,-2.0902950138,0.1
522,52.2,0.5138074515,-2.4585744529,1.1784333553,-1.7705027756,0.1
523,52.3,0.6076116301,-2.6032280575,0.9380417859,-1.4465360455,0.1
524,52.4,0.6782542019,-2.7152901726,0.7064257177,-1.1206211505,0.1
525,52.5,0.7264981111,-2.7946681312,0.4824390919,-0.7937795861,0.1
526,52.6,0.7529042813,-2.8412912571,0.2640617018,-0.466231259,0.1
527,52.7,0.7577790234,-2.8550613734,0.0487474208,-0.137701163,0.1
528,52.8,0.7411475284,-2.8358271808,-0.1663149497,0.1923419261,0.1
529,52.9,0.702748635,-2.7833791261,-0.3839889335,0.5244805474,0.1
530,53.0,0.6420502237,-2.6974647839,-0.6069841128,0.8591434217,0.1
531,53.1,0.5582887925,-2.5778281076,-0.8376143124,1.1963667633,0.1
532,53.2,0.4505409033,-2.4242791999,-1.0774788922,1.5354890766,0.1
533,53.3,0.3178378094,-2.236804214,-1.3270309392,1.8747498589,0.1
534,53.4,0.1593364314,-2.0157264974,-1.58501378,2.210777166,0.1
535,53.5,-0.025442575,-1.7619277318,-1.8477900641,2.5379876558,0.1
536,53.6,-0.2363094986,-1.4771277712,-2.1086692356,2.8479996056,0.1
537,53.7,-0.4720556085,-1.164200072,-2.3574610987,3.1292769923,0.1
538,53.8,-0.7301166293,-0.8274653853,-2.5806102077,3.3673468669,0.1
539,53.9,-1.0063467258,-0.472868708,-2.7623009649,3.5459667728,0.1
540,54.0,-1.2950192486,-0.1079264177,-2.8867252277,3.6494229026,0.1
541,54.1,-1.5891394687,0.2586378322,-2.9412022012,3.6656424992,0.1
542,54.2,-1.8810609409,0.6175563955,-2.919214722,3.5891856333,0.1
543,54.3,-2.163274381,0.9598461661,-2.8221344014,3.422897706,0.1
544,54.4,-2.4291580645,1.2775899268,-2.6588368353,3.177437607,0.1
545,54.5,-2.6734971631,1.5644778402,-2.4433909857,2.8688791345,0.1
546,54.6,-2.8926828978,1.816020885,-2.1918573468,2.5154304476,0.1
547,54.7,-3.0846219411,2.0294682588,-1.9193904334,2.1344737377,0.1
548,54.8,-3.248459389,2.2035340021,-1.6383744789,1.740657433,0.1
549,54.9,-3.3842292351,2.3380486789,-1.3576984607,1.3451467677,0.1
550,55.0,-3.4925169181,2.4336221732,-1.0828768305,0.9557349426,0.1
551,55.1,-3.5741789781,2.4913634127,-0.8166205998,0.5774123949,0.1
552,55.2,-3.6301334862,2.512670599,-0.5595450809,0.2130718632,0.1
553,55.3,-3.6612168179,2.4990865761,-0.310833317,-0.1358402287,0.1
554,55.4,-3.6680952745,2.4522062128,-0.0687845663,-0.4688036327,0.1
555,55.5,-3.651219875,2.3736220928,0.1687539952,-0.7858411999,0.1
556,55.6,-3.6108159103,2.264898086,0.4040396471,-1.0872400679,0.1
557,55.7,-3.5469034337,2.1275654349,0.6391247664,-1.373326511,0.1
558,55.8,-3.4593495257,1.9631415817,0.8755390802,-1.6442385315,0.1
559,55.9,-3.3479570335,1.7731770632,1.1139249215,-1.8996451846,0.1
560,56.0,-3.2125964627,1.5593390925,1.3536057075,-2.1383797067,0.1
561,56.1,-3.0533861836,1.3235400264,1.592102791,-2.3579906611,0.1
562,56.2,-2.8709189928,1.0681123943,1.8246719084,-2.5542763206,0.1
563,56.3,-2.6665185002,0.7960175445,2.0440049256,-2.7209484978,0.1
564,56.4,-2.4424871731,0.5110526371,2.240313271,-2.8496490736,0.1
565,56.5,-2.2022846503,0.2179963666,2.402025228,-2.9305627054,0.1
566,56.6,-1.9505625656,-0.0773798604,2.5172208474,-2.9537622703,0.1
567,56.7,-1.6929965818,-0.3684952435,2.5756598382,-2.9111538311,0.1
568,56.8,-1.4359059626,-0.648348567,2.5709061915,-2.7985332347,0.1
569,56.9,-1.185722863,-0.9100526217,2.5018309957,-2.6170405467,0.1
570,57.0,-0.9484327416,-1.1473947202,2.3729012143,-2.3734209849,0.1
571,57.1,-0.7291186944,-1.3552922241,2.1931404721,-2.0789750389,0.1
572,57.2,-0.5316990177,-1.5300547649,1.9741967672,-1.7476254077,0.1
573,57.3,-0.3588760885,-1.6694351098,1.7282292916,-1.3938034493,0.1
574,57.4,-0.2122540202,-1.7725103222,1.4662206834,-1.0307521239,0.1
575,57.5,-0.0925546535,-1.8394620261,1.1969936668,-0.6695170394,0.1
576,57.6,0.0001353017,-1.8713209144,0.9268995517,-0.3185888831,0.1
577,57.7,0.0661333774,-1.8697208382,0.6599807573,0.0160007622,0.1
578,57.8,0.1059721194,-1.8366862633,0.3983874199,0.3303457488,0.1
579,57.9,0.1202605417,-1.7744613796,0.1428842234,0.6222488372,0.1
580,58.0,0.1095962501,-1.6853813261,-0.1066429159,0.8908005355,0.1
581,58.1,0.0745250047,-1.5717841,-0.3507124539,1.1359722611,0.1
582,58.2,0.0155446329,-1.4359629899,-0.5898037181,1.3582111008,0.1
583,58.3,-0.0668485921,-1.2801612502,-0.8239322502,1.5580173974,0.1
584,58.4,-0.1720725629,-1.1066111998,-1.0522397075,1.7355005038,0.1
585,58.5,-0.2993342035,-0.9176175132,-1.2726164065,1.8899368663,0.1
586,58.6,-0.4474749579,-0.7156782683,-1.4814075445,2.0193924492,0.1
587,58.7,-0.6148039554,-0.5036273126,-1.673289975,2.1205095571,0.1
588,58.8,-0.7989469118,-0.2847692642,-1.841429564,2.1885804844,0.1
589,58.9,-0.9967484548,-0.0629679168,-1.9780154304,2.2180134736,0.1
590,59.0,-1.2042677548,0.1573538313,-2.0751930005,2.2032174809,0.1
591,59.1,-1.4168958761,0.3713329203,-2.1262812129,2.1397908898,0.1
592,59.2,-1.6295963345,0.5739069973,-2.1270045841,2.0257407698,0.1
593,59.3,-1.8372348466,0.7601440982,-2.0763851206,1.8623710093,0.1
594,59.4,-2.0349349511,0.925597938,-1.9770010446,1.654538398,0.1
595,59.5,-2.2183877183,1.0666163293,-1.8345276719,1.4101839134,0.1
596,59.6,-2.384060536,1.1805463012,-1.656728177,1.1392997192,0.1
597,59.7,-2.5292828998,1.2658119263,-1.4522236381,0.852656251,0.1
598,59.8,-2.6522204273,1.3218740251,-1.2293752754,0.5606209883,0.1
599,59.9,-2.7517697071,1.349102651,-0.9954927978,0.2722862586,0.1
600,60.0,-2.8274127856,1.3486002743,-0.7564307853,-0.0050237674,0.1
601,60.1,-2.8790650585,1.3220097359,-0.5165227287,-0.2659053843,0.1
602,60.2,-2.9069404096,1.2713324457,-0.2787535107,-0.5067729021,0.1
603,60.3,-2.9114475858,1.19877362,-0.0450717617,-0.7255882571,0.1
604,60.4,-2.8931243309,1.1066246272,0.183232549,-0.9214899281,0.1
605,60.5,-2.8526109546,0.9971877797,0.4051337628,-1.0943684754,0.1
606,60.6,-2.7906619084,0.8727452695,0.6194904625,-1.2444251022,0.1
607,60.7,-2.7081914144,0.7355703717,0.8247049397,-1.3717489778,0.1
608,60.8,-2.6063462568,0.5879748001,1.0184515762,-1.4759557163,0.1
609,60.9,-2.4865949556,0.4323809524,1.1975130123,-1.555938477,0.1
610,61.0,-2.3508178703,0.2714021388,1.3577708531,-1.6097881362,0.1
611,61.1,-2.2013784061,0.1079089814,1.4943946423,-1.6349315745,0.1
612,61.2,-2.0411534634,-0.0549419152,1.6022494268,-1.6285089661,0.1
613,61.3,-1.8735040442,-0.2137377852,1.6764941924,-1.5879586996,0.1
614,61.4,-1.7021761391,-0.3649088944,1.7132790509,-1.5117110923,0.1
615,61.5,-1.5311368857,-0.5048922837,1.710392534,-1.3998338934,0.1
616,61.6,-1.3643674895,-0.6303378854,1.6676939619,-1.2544560174,0.1
617,61.7,-1.205646471,-0.7383220353,1.5872101847,-1.0798414991,0.1
618,61.8,-1.0583593597,-0.8265303605,1.4728711125,-0.8820832516,0.1
619,61.9,-0.9253629385,-0.8933799144,1.329964212,-0.6684955389,0.1
620,62.0,-0.8089171492,-0.9380657334,1.1644578932,-0.44685819,0.1
621,62.1,-0.7106818232,-0.9605337004,0.9823532603,-0.2246796703,0.1
622,62.2,-0.6317636169,-0.9613945185,0.7891820635,-0.0086081806,0.1
623,62.3,-0.5727930852,-0.9418003478,0.5897053174,0.1959417073,0.1
624,62.4,-0.5340120309,-0.9033066498,0.3878105433,0.3849369803,0.1
625,62.5,-0.5153549765,-0.8477388676,0.1865705438,0.5556778222,0.1
626,62.6,-0.5165136495,-0.7770787185,-0.0115867305,0.7066014915,0.1
627,62.7,-0.5369783211,-0.6933794614,-0.2046467161,0.8369925713,0.1
628,62.8,-0.5760541003,-0.5987142428,-0.3907577923,0.9466521862,0.1
629,62.9,-0.6328538415,-0.4951567861,-0.5679974121,1.0355745669,0.1
630,63.0,-0.7062723912,-0.3847893483,-0.7341854967,1.1036743784,0.1
631,63.1,-0.7949496594,-0.2697291003,-0.886772682,1.1506024802,0.1
632,63.2,-0.8972323868,-0.1521611184,-1.0228272739,1.1756798188,0.1
633,63.3,-1.0111460902,-0.0343644482,-1.1391370336,1.1779667019,0.1
634,63.4,-1.1343888111,0.0812821251,-1.2324272089,1.1564657333,0.1
635,63.5,-1.2643562115,0.1923252491,-1.2996740039,1.1104312398,0.1
636,63.6,-1.3982028807,0.2962982641,-1.3384666922,1.0397301504,0.1
637,63.7,-1.5329379051,0.3908160147,-1.3473502439,0.9451775062,0.1
638,63.8,-1.6655453063,0.47369246,-1.3260740116,0.8287644525,0.1
639,63.9,-1.7931140564,0.5430639036,-1.2756875013,0.6937144357,0.1
640,64.0,-1.9129600133,0.5974981284,-1.1984595685,0.5443422482,0.1
641,64.1,-2.02272411,0.6360719884,-1.0976409671,0.3857386004,0.1
642,64.2,-2.1204367331,0.6584063429,-0.9771262306,0.2233435451,0.1
643,64.3,-2.2045454796,0.6646555882,-0.8410874653,0.0624924535,0.1
644,64.4,-2.2739102044,0.6554570604,-0.6936472477,-0.091985278,0.1
645,64.5,-2.3277738788,0.6318514067,-0.5386367436,-0.2360565371,0.1
646,64.6,-2.3657197365,0.5951878191,-0.379458577,-0.3666358763,0.1
647,64.7,-2.3876247924,0.5470278895,-0.219050559,-0.4815992961,0.1
648,64.8,-2.3936178534,0.4890594819,-0.0599306096,-0.5796840764,0.1
649,64.9,-2.3840474034,0.4230283299,0.0957044997,-0.6603115202,0.1
650,65.0,-2.3594618553,0.3506909163,0.2458554814,-0.7233741361,0.1
651,65.1,-2.3206019903,0.2737882357,0.3885986504,-0.7690268064,0.1
652,65.2,-2.2684031389,0.1940367291,0.5219885135,-0.7975150662,0.1
653,65.3,-2.2040028785,0.113130269,0.644002604,-0.8090646007,0.1
654,65.4,-2.128748824,0.0327457104,0.7525405452,-0.8038455858,0.1
655,65.5,-2.0442006038,-0.045455694,0.8454822019,-0.7820140443,0.1
656,65.6,-1.9521205067,-0.1198377179,0.9208009706,-0.7438202393,0.1
657,65.7,-1.854448687,-0.1888139206,0.9767181973,-0.6897620266,0.1
658,65.8,-1.7532611851,-0.2508889966,1.0118750189,-0.6207507604,0.1
659,65.9,-1.6507120573,-0.3047141468,1.0254912784,-0.538251502,0.1
660,66.0,-1.5489640177,-0.3491502182,1.0174803955,-0.4443607143,0.1
661,66.1,-1.4501144404,-0.3833296993,0.9884957728,-0.3417948113,0.1
662,66.2,-1.3561246754,-0.4067077674,0.9398976504,-0.2337806807,0.1
663,66.3,-1.2687600892,-0.4190938192,0.8736458623,-0.1238605175,0.1
664,66.4,-1.1895462007,-0.4206580392,0.792138885,-0.0156422004,0.1
665,66.5,-1.1197433338,-0.4119118064,0.6980286686,0.0874623283,0.1
666,66.6,-1.0603391318,-0.3936650567,0.5940420201,0.182467497,0.1
667,66.7,-1.0120557791,-0.3669671153,0.4828335267,0.2669794144,0.1
668,66.8,-0.975367288,-0.3330393229,0.3668849113,0.339277924,0.1
669,66.9,-0.9505218241,-0.2932078327,0.2484546392,0.3983149025,0.1
670,67.0,-0.9375645989,-0.2488434995,0.1295722524,0.4436433323,0.1
671,67.1,-0.9363580235,-0.2013133732,0.0120657537,0.4753012629,0.1
672,67.2,-0.9465972621,-0.1519455692,-0.102392386,0.4936780398,0.1
673,67.3,-0.9678207576,-0.1020067743,-0.2122349554,0.4993879493,0.1
674,67.4,-0.9994165415,-0.052689727,-0.3159578391,0.4931704733,0.1
675,67.5,-1.0406260673,-0.0051068677,-0.4120952583,0.4758285934,0.1
676,67.6,-1.0905478745,0.0397139873,-0.4992180715,0.4482085504,0.1
677,67.7,-1.1481435626,0.0808356968,-0.5759568809,0.411217095,0.1
678,67.8,-1.2122483295,0.1174223027,-0.6410476689,0.3658660594,0.1
679,67.9,-1.2815877107,0.1487552441,-0.6933938124,0.313329414,0.1
680,68.0,-1.3548012149,0.1742547764,-0.7321350421,0.2549953227,0.1
681,68.1,-1.4304724034,0.1935043484,-0.7567118847,0.1924957201,0.1
682,68.2,-1.5071638054,0.2062742651,-0.76691402,0.1276991668,0.1
683,68.3,-1.5834541237,0.2125401922,-0.762903183,0.0626592705,0.1
684,68.4,-1.6579746792,0.21249219,-0.7452055551,-0.0004800217,0.1
685,68.5,-1.7294420955,0.2065310628,-0.7146741626,-0.0596112715,0.1
686,68.6,-1.7966848238,0.1952506964,-0.6724272828,-0.1128036635,0.1
687,68.7,-1.8586621087,0.1794073221,-0.6197728488,-0.1584337431,0.1
688,68.8,-1.9144751479,0.1598787473,-0.5581303918,-0.1952857482,0.1
689,68.9,-1.9633712459,0.1376180353,-0.4889609801,-0.2226071203,0.1
690,69.0,-2.0047424974,0.1136065912,-0.4137125146,-0.2401144414,0.1
691,69.1,-2.0381208682,0.0888110956,-0.3337837085,-0.2479549558,0.1
692,69.2,-2.0631714925,0.0641474558,-0.2505062429,-0.2466363984,0.1
693,69.3,-2.0796856687,0.0404533041,-0.1651417616,-0.2369415174,0.1
694,69.4,-2.0875745555,0.0184689771,-0.0788888685,-0.2198432703,0.1
695,69.5,-2.0868640573,-0.0011743343,0.0071049823,-0.1964331135,0.1
696,69.6,-2.0776909357,-0.0179612896,0.0917312158,-0.1678695526,0.1
697,69.7,-2.0602998439,-0.0314961474,0.173910918,-0.1353485785,0.1
698,69.8,-2.0350407576,-0.0415054267,0.2525908633,-0.1000927931,0.1
699,69.9,-2.0023661809,-0.0478406753,0.326745767,-0.0633524857,0.1
700,70.0,-1.9628275156,-0.0504816645,0.3953866534,-0.0264098917,0.1
701,70.1,-1.9170700829,-0.0495394082,0.4575743273,0.0094225626,0.1
702,70.2,-1.8658264553,-0.0452576079,0.5124362758,0.0428180028,0.1
703,70.3,-1.8099079558,-0.0380106133,0.5591849947,0.072469946,0.1
704,70.4,-1.7501943782,-0.0282959069,0.5971357756,0.0971470637,0.1
705,70.5,-1.687622138,-0.0167195482,0.6257224022,0.1157635867,0.1
706,70.6,-1.6231711518,-0.0039739298,0.6445098622,0.1274561844,0.1
707,70.7,-1.5578507653,0.0091915516,0.6532038647,0.1316548143,0.1
708,70.8,-1.4926850239,0.0220049982,0.6516574142,0.1281344664,0.1
709,70.9,-1.4286975467,0.0337087463,0.6398747724,0.1170374807,0.1
710,71.0,-1.3668962612,0.0435949182,0.6180128549,0.0988617188,0.1
711,71.1,-1.3082582947,0.0510366035,0.5863796647,0.0744168532,0.1
712,71.2,-1.2537153891,0.0555123427,0.5454290561,0.0447573922,0.1
713,71.3,-1.2041402697,0.0566228446,0.4957511935,0.0111050192,0.1
714,71.4,-1.1603344115,0.0541001932,0.4380585816,-0.025226514,0.1
715,71.5,-1.1230175749,0.0478108776,0.3731683661,-0.0628931557,0.1
716,71.6,-1.092819328,0.0377546032,0.3019824688,-0.1005627444,0.1
717,71.7,-1.0702725521,0.0240609389,0.2254677586,-0.1369366433,0.1
718,71.8,-1.055808682,0.0069854776,0.1446387014,-0.1707546131,0.1
719,71.9,-1.04975421,-0.0130935436,0.0605447198,-0.2007902116,0.1
720,72.0,-1.0523278214,-0.0356781312,-0.025736114,-0.2258458763,0.1
721,72.1,-1.0636374553,-0.0601538341,-0.1130963388,-0.244757029,0.1
722,72.2,-1.0836766293,-0.0857951426,-0.2003917401,-0.2564130853,0.1
723,72.3,-1.1123195358,-0.1117751659,-0.2864290653,-0.2598002332,0.1
724,72.4,-1.1493147247,-0.137181808,-0.3699518887,-0.2540664205,0.1
725,72.5,-1.1942776231,-0.1610421637,-0.4496289842,-0.2386035572,0.1
726,72.6,-1.2466826745,-0.1823557948,-0.5240505145,-0.2131363114,0.1
727,72.7,-1.3058564309,-0.2001360279,-0.591737564,-0.1778023313,0.1
728,72.8,-1.3709733925,-0.2134567057,-0.6511696163,-0.1332067784,0.1
729,72.9,-1.4410566165,-0.2215003021,-0.7008322402,-0.0804359643,0.1
730,73.0,-1.514984977,-0.2236024054,-0.7392836049,-0.0210210333,0.1
731,73.1,-1.5915083872,-0.2192876109,-0.7652341019,0.0431479454,0.1
732,73.2,-1.6692713257,-0.2082929437,-0.7776293846,0.1099466724,0.1
733,73.3,-1.7468438035,-0.190576868,-0.7757247784,0.177160757,0.1
734,73.4,-1.8227577259,-0.1663142833,-0.7591392244,0.2426258474,0.1
735,73.5,-1.8955457203,-0.1358801025,-0.7278799442,0.3043418083,0.1
736,73.6,-1.9637791434,-0.0998255467,-0.682334231,0.3605455576,0.1
737,73.7,-2.0261022295,-0.0588518708,-0.6232308606,0.4097367587,0.1
738,73.8,-2.081260133,-0.0137858145,-0.5515790352,0.4506605628,0.1
739,73.9,-2.1281197631,0.034440157,-0.4685963005,0.4822597151,0.1
740,74.0,-2.1656835578,0.0848014809,-0.3756379473,0.503613239,0.1
741,74.1,-2.1930974741,0.1361895107,-0.2741391632,0.5138802975,0.1
742,74.2,-2.2096553003,0.1874161249,-0.1655782625,0.5122661423,0.1
743,74.3,-2.214801844,0.2372184257,-0.0514654366,0.4980230084,0.1
744,74.4,-2.20813757,0.2842677276,0.0666427401,0.470493019,0.1
745,74.5,-2.1894268708,0.3271870336,0.1871069919,0.4291930598,0.1
746,74.6,-2.1586113606,0.3645803921,0.3081551022,0.3739335852,0.1
747,74.7,-2.1158284432,0.3950759055,0.4278291738,0.3049551338,0.1
748,74.8,-2.061433991,0.417381826,0.5439445219,0.223059205,0.1
749,74.9,-1.9960264385,0.4303524136,0.6540755254,0.1297058762,0.1
750,75.0,-1.920468188,0.4330575208,0.7555825049,0.027051072,0.1
751,75.1,-1.8358992745,0.4248478349,0.8456891354,-0.0820968594,0.1
752,75.2,-1.7437380993,0.4054069729,0.9216117524,-0.1944086203,0.1
753,75.3,-1.6456650024,0.3747826204,0.9807309694,-0.3062435251,0.1
754,75.4,-1.5435865536,0.3333916836,1.0207844881,-0.4139093684,0.1
755,75.5,-1.4395814385,0.2819985422,1.0400511506,-0.5139314145,0.1
756,75.6,-1.3358320797,0.2216700639,1.0374935884,-0.6032847825,0.1
757,75.7,-1.2345488473,0.1537149606,1.0128323239,-0.6795510334,0.1
758,75.8,-1.1378951186,0.0796173446,0.9665372869,-0.7409761597,0.1
759,75.9,-1.0479211219,0.0009744517,0.8997399671,-0.7864289288,0.1
760,76.0,-0.9665125481,-0.0805534961,0.8140857379,-0.8152794777,0.1
761,76.1,-0.8953568848,-0.1632767713,0.7115566333,-0.8272327525,0.1
762,76.2,-0.8359271109,-0.245492477,0.5942977393,-0.8221570567,0.1
763,76.3,-0.7894795174,-0.3254869739,0.464475935,-0.7999449687,0.1
764,76.4,-0.7570604578,-0.4015304501,0.324190596,-0.7604347615,0.1
765,76.5,-0.7395159401,-0.4718712831,0.1754451774,-0.7034083301,0.1
766,76.6,-0.7374980742,-0.5347381735,0.0201786591,-0.6286689037,0.1
767,76.7,-0.751463305,-0.5883571454,-0.1396523081,-0.5361897189,0.1
768,76.8,-0.7816589221,-0.6309885198,-0.3019561711,-0.4263137438,0.1
769,76.9,-0.8280964326,-0.6609859914,-0.4643751049,-0.2999747159,0.1
770,77.0,-0.8905129351,-0.6768761817,-0.6241650252,-0.1589019029,0.1
771,77.1,-0.9683245268,-0.6774528392,-0.778115917,-0.0057665748,0.1
772,77.2,-1.0605787463,-0.6618757659,-0.9225421949,0.1557707333,0.1
773,77.3,-1.1659156043,-0.6297613405,-1.0533685796,0.3211442535,0.1
774,77.4,-1.282548122,-0.58125011,-1.1663251768,0.485112305,0.1
775,77.5,-1.4082726135,-0.5170382095,-1.2572449149,0.6421190054,0.1
776,77.6,-1.5405155654,-0.4383638392,-1.3224295187,0.7867437029,0.1
777,77.7,-1.6764179407,-0.3469473504,-1.359023753,0.9141648878,0.1
778,77.8,-1.812950174,-0.2448922742,-1.3653223334,1.0205507623,0.1
779,77.9,-1.9470441018,-0.1345625642,-1.3409392777,1.1032970995,0.1
780,78.0,-2.075723913,-0.018455961,-1.2867981118,1.1610660318,0.1
781,78.1,-2.196218438,0.100906831,-1.2049452504,1.1936279201,0.1
782,78.2,-2.3060416633,0.221062417,-1.0982322527,1.2015558599,0.1
783,78.3,-2.4030356601,0.3396476807,-0.9699399682,1.1858526368,0.1
784,78.4,-2.4853778072,0.4544072252,-0.8234214709,1.1475954447,0.1
785,78.5,-2.5515602469,0.5631739846,-0.6618243974,1.0876675938,0.1
786,78.6,-2.6003529379,0.6638358631,-0.4879269104,1.0066187846,0.1
787,78.7,-2.6307624911,0.7543025528,-0.3040955316,0.9046668967,0.1
788,78.8,-2.6419978892,0.8324856794,-0.1123539812,0.7818312656,0.1
789,78.9,-2.6334520146,0.8963028693,0.0854587464,0.6381718985,0.1
790,79.0,-2.6047052342,0.9437128231,0.287467804,0.4740995383,0.1
791,79.1,-2.5555543541,0.9727843578,0.4915088007,0.2907153469,0.1
792,79.2,-2.4860669569,0.9817977673,0.694873972,0.0901340954,0.1
793,79.3,-2.3966572205,0.9693717806,0.8940973636,-0.1242598675,0.1
794,79.4,-2.2881746052,0.9346039603,1.0848261528,-0.3476782033,0.1
795,79.5,-2.1619915171,0.8772070111,1.2618308808,-0.5739694918,0.1
796,79.6,-2.0200712084,0.7976191646,1.4192030868,-0.7958784652,0.1
797,79.7,-1.8649946609,0.6970653479,1.5507654747,-1.0055381673,0.1
798,79.8,-1.699927455,0.5775493944,1.6506720587,-1.1951595347,0.1
799,79.9,-1.5285164271,0.4417675959,1.7141102786,-1.3578179852,0.1
800,80.0,-1.3547207293,0.2929496483,1.7379569775,-1.488179476,0.1
801,80.1,-1.1825988608,0.13465051,1.7212186848,-1.5829913829,0.1
802,80.2,-1.0160860998,-0.0294703987,1.6651276101,-1.6412090872,0.1
803,80.3,-0.8587999734,-0.1958433616,1.5728612642,-1.6637296289,0.1
804,80.4,-0.7139034196,-0.3611252252,1.4489655375,-1.6528186355,0.1
805,80.5,-0.5840396023,-0.5222647825,1.2986381729,-1.6113955733,0.1
806,80.6,-0.4713352742,-0.6765004354,1.1270432807,-1.5423565293,0.1
807,80.7,-0.3774567685,-0.8213074626,0.9387850566,-1.4480702716,0.1
808,80.8,-0.3036966447,-0.9543187906,0.7376012375,-1.3301132803,0.1
809,80.9,-0.2510690515,-1.0732432697,0.5262759318,-1.1892447909,0.1
810,81.0,-0.2203956064,-1.1758013969,0.306734451,-1.0255812724,0.1
811,81.1,-0.2123685392,-1.2596926949,0.0802706719,-0.8389129796,0.1
812,81.2,-0.2275823412,-1.3226032999,-0.1521380203,-0.6291060499,0.1
813,81.3,-0.2665285766,-1.3622575814,-0.3894623536,-0.3965428151,0.1
814,81.4,-0.3295510713,-1.3765138599,-0.6302249471,-0.142562785,0.1
815,81.5,-0.4167612195,-1.3635009807,-0.872101482,0.130128792,0.1
816,81.6,-0.5279168025,-1.3217886692,-1.1115558302,0.4171231148,0.1
817,81.7,-0.6622736881,-1.2505791028,-1.3435688561,0.7120956638,0.1
818,81.8,-0.8184286403,-1.1498992861,-1.5615495219,1.0067981674,0.1
819,81.9,-0.9941822166,-1.020764367,-1.7575357626,1.2913491915,0.1
820,82.0,-1.1864597774,-0.8652742664,-1.9227756085,1.5549010057,0.1
821,82.1,-1.3913298581,-0.6866057757,-2.0487008069,1.7866849074,0.1
822,82.2,-1.6041462882,-0.4888757053,-2.1281643014,1.9773007036,0.1
823,82.3,-1.8198119578,-0.2768792311,-2.1566566956,2.119964742,0.1
824,82.4,-2.0331256386,-0.055743711,-2.1331368079,2.2113552012,0.1
825,82.5,-2.2391444037,0.1694335461,-2.0601876509,2.2517725709,0.1
826,82.6,-2.4334878427,0.3938895343,-1.9434343896,2.2445598819,0.1
827,82.7,-2.6125300919,0.6133884348,-1.7904224917,2.194989005,0.1
828,82.8,-2.7734612501,0.8242860075,-1.6093115822,2.1089757272,0.1
829,82.9,-2.9142341795,1.0234833216,-1.4077292944,1.9919731406,0.1
830,83.0,-3.0334336013,1.2083087663,-1.1919942182,1.8482544467,0.1
831,83.1,-3.1301090629,1.3763717116,-0.9667546156,1.6806294531,0.1
832,83.2,-3.2036065115,1.5254236269,-0.7349744862,1.4905191533,0.1
833,83.3,-3.2534217992,1.6532499355,-0.4981528769,1.2782630865,0.1
834,83.4,-3.2790887816,1.7576039044,-0.2566698236,1.0435396889,0.1
835,83.5,-3.2801073415,1.8361853038,-0.0101855985,0.7858139943,0.1
836,83.6,-3.2559130928,1.8866621471,0.2419424867,0.5047684334,0.1
837,83.7,-3.2058899581,1.9067330037,0.5002313469,0.200708566,0.1
838,83.8,-3.1294279884,1.8942289617,0.7646196967,-0.1250404204,0.1
839,83.9,-3.0260301023,1.8472565853,1.0339788614,-0.4697237642,0.1
840,84.0,-2.8954708351,1.7643839014,1.3055926715,-0.8287268394,0.1
841,84.1,-2.7380052463,1.644867797,1.5746558884,-1.1951610436,0.1
842,84.2,-2.5546144001,1.4889105303,1.833908462,-1.5595726674,0.1
843,84.3,-2.3472545032,1.2979143606,2.0735989694,-1.9099616967,0.1
844,84.4,-2.1190534088,1.0746801098,2.2820109439,-2.2323425083,0.1
845,84.5,-1.8743813548,0.823478366,2.4467205404,-2.5120174385,0.1
846,84.6,-1.6187286896,0.5499273357,2.5565266516,-2.7355103031,0.1
847,84.7,-1.3583644684,0.2606516362,2.6036422118,-2.8927569953,0.1
848,84.8,-1.0998201402,-0.0372342961,2.5854432815,-2.9788593232,0.1
849,84.9,-0.8493111057,-0.336706831,2.505090345,-2.9947253494,0.1
850,85.0,-0.6122359573,-0.6313399951,2.3707514842,-2.946331641,0.1
851,85.1,-0.392861235,-0.9156328282,2.1937472229,-2.8429283314,0.1
852,85.2,-0.1942286758,-1.1851220331,1.9863255921,-2.6948920492,0.1
853,85.3,-0.0182525498,-1.4363133604,1.7597612599,-2.5119132729,0.1
854,85.4,0.1340636176,-1.6665024328,1.5231616744,-2.3018907242,0.1
855,85.5,0.2623645935,-1.873557435,1.2830097586,-2.0705500225,0.1
856,85.6,0.3666899729,-2.0557159448,1.0432537938,-1.8215850981,0.1
857,85.7,0.4472598564,-2.2114227122,0.8056988346,-1.5570676744,0.1
858,85.8,0.5043098766,-2.3392149064,0.5705002022,-1.2779219416,0.1
859,85.9,0.5379737768,-2.4376496653,0.3366390024,-0.9843475891,0.1
860,86.0,0.5482068357,-2.5052647806,0.1023305895,-0.6761511532,0.1
861,86.1,0.5347434083,-2.5405645777,-0.1346342737,-0.3529979708,0.1
862,86.2,0.4970846688,-2.5420271746,-0.3765873954,-0.0146259688,0.1
863,86.3,0.4345168908,-2.5081346396,-0.6256777805,0.3389253497,0.1
864,86.4,0.3461653682,-2.4374330187,-0.8835152258,0.7070162092,0.1
865,86.5,0.2310935246,-2.3286338593,-1.150718436,1.0879915935,0.1
866,86.6,0.088459557,-2.1807714253,-1.4263396764,1.4786243395,0.1
867,86.7,-0.0822582719,-1.9934279842,-1.7071782886,1.8734344109,0.1
868,86.8,-0.2809655518,-1.7670297782,-1.9870727986,2.2639820601,0.1
869,86.9,-0.506603592,-1.5031945361,-2.2563804017,2.638352421,0.1
870,87.0,-0.7568021538,-1.2050763975,-2.5019856178,2.981181386,0.1
871,87.1,-1.0276260835,-0.8776134211,-2.7082392967,3.2746297639,0.1
872,87.2,-1.3135334634,-0.5275580511,-2.8590737987,3.5005536997,0.1
873,87.3,-1.6076409326,-0.1631931045,-2.9410746921,3.6436494659,0.1
874,87.4,-1.902305687,0.2062774046,-2.9466475443,3.6947050911,0.1
875,87.5,-2.1899092744,0.5715480057,-2.8760358742,3.6527060109,0.1
876,87.6,-2.4636357117,0.9240337705,-2.7372643725,3.524857648,0.1
877,87.7,-2.7180391413,1.2564876589,-2.5440342958,3.3245388838,0.1
878,87.8,-2.9492923046,1.5633011962,-2.3125316335,3.0681353734,0.1
879,87.9,-3.15513106,1.8404998528,-2.0583875544,2.771986566,0.1
880,88.0,-3.3345932243,2.085527816,-1.7946216432,2.450279632,0.1
881,88.1,-3.4876688236,2.2969366029,-1.5307559927,2.1140878695,0.1
882,88.2,-3.6149525689,2.4740669893,-1.2728374529,1.7713038644,0.1
883,88.3,-3.7173490471,2.6167747308,-1.0239647821,1.4270774147,0.1
884,88.4,-3.7958474941,2.725218039,-0.7849844697,1.0844330822,0.1
885,88.5,-3.8513627892,2.7997052725,-0.5551529512,0.7448723346,0.1
886,88.6,-3.8846307151,2.8405929672,-0.3326792591,0.4088769471,0.1
887,88.7,-3.896144279,2.8482229032,-0.1151356389,0.0762993602,0.1
888,88.8,-3.886120312,2.8228887795,0.1002396704,-0.2533412375,0.1
889,88.9,-3.8544893993,2.7648261273,0.3163091275,-0.5806265222,0.1
890,89.0,-3.8009063962,2.6742224212,0.5358300313,-0.9060370613,0.1
891,89.1,-3.7247830083,2.5512477438,0.7612338785,-1.2297467739,0.1
892,89.2,-3.6253480565,2.3961098673,0.9943495175,-1.5513787651,0.1
893,89.3,-3.5017448255,2.2091410808,1.2360323096,-1.8696878649,0.1
894,89.4,-3.3531774218,1.9909267356,1.4856740374,-2.1821434524,0.1
895,89.5,-3.1791173986,1.7424854011,1.7406002323,-2.4844133451,0.1
896,89.6,-2.9795748366,1.4655044676,1.9954256197,-2.7698093353,0.1
897,89.7,-2.7554207667,1.1626189987,2.2415406992,-3.0288546886,0.1
898,89.8,-2.5087183881,0.8376934798,2.4670237863,-3.249255189,0.1
899,89.9,-2.2429839844,0.4960305537,2.6573440368,-3.4166292614,0.1
900,90.0,-1.9632718,0.144404704,2.7971218443,-3.5162584971,0.1
901,90.1,-1.6759874563,-0.2091709371,2.8728434371,-3.5357564108,0.1
902,90.2,-1.3884015758,-0.5559701253,2.8758588047,-3.4679918821,0.1
903,90.3,-1.1079448275,-0.8872885815,2.804567483,-3.3131845625,0.1
904,90.4,-0.8414612535,-1.1952116752,2.6648357403,-3.0792309372,0.1
905,90.5,-0.5946160777,-1.4732197161,2.4684517577,-2.7800804089,0.1
906,90.6,-0.3715836662,-1.7165070933,2.2303241147,-2.4328737715,0.1
907,90.7,-0.1750291293,-1.9220038273,1.9655453691,-2.0549673402,0.1
908,90.8,-0.0063085568,-2.0881763728,1.6872057252,-1.6617254547,0.1
909,90.9,0.1342194636,-2.2147163595,1.4052802039,-1.2653998666,0.1
910,91.0,0.2468636093,-2.3022104702,1.1264414574,-0.8749411067,0.1
911,91.1,0.3323084973,-2.3518488851,0.8544488803,-0.4963841486,0.1
912,91.2,0.3913867337,-2.3651957312,0.5907823644,-0.1334684608,0.1
913,91.3,0.4249168331,-2.3440223428,0.3353009943,0.2117338842,0.1
914,91.4,0.4335990116,-2.2901932912,0.0868217847,0.5382905164,0.1
915,91.5,0.4179584716,-2.2055928158,-0.1564054,0.8460047538,0.1
916,91.6,0.3783279332,-2.0920819571,-0.3963053843,1.1351085871,0.1
917,91.7,0.3148652306,-1.9514817251,-0.6346270259,1.4060023201,0.1
918,91.8,0.2276061201,-1.7855832254,-0.8725911047,1.6589849971,0.1
919,91.9,0.1165558033,-1.5961903271,-1.1105031681,1.8939289825,0.1
920,92.0,-0.0181762128,-1.3852026269,-1.3473201611,2.1098770023,0.1
921,92.1,-0.1761960143,-1.1547442814,-1.580198015,2.3045834554,0.1
922,92.2,-0.3566063342,-0.9073358606,-1.8041031992,2.4740842083,0.1
923,92.3,-0.5577700222,-0.6460907614,-2.0116368796,2.6124509924,0.1
924,92.4,-0.7770969497,-0.3748967841,-2.1932692752,2.7119397727,0.1
925,92.5,-1.0109134598,-0.098524078,-2.3381651009,2.7637270611,0.1
926,92.6,-1.2544780287,0.1774050393,-2.4356456889,2.7592911728,0.1
927,92.7,-1.5021854069,0.4466282543,-2.4770737822,2.6922321496,0.1
928,92.8,-1.7479515903,0.7026317249,-2.4576618345,2.5600347058,0.1
929,92.9,-1.985710003,0.9391471498,-2.3775841268,2.3651542491,0.1
930,93.0,-2.2099064014,1.1506465157,-2.2419639836,2.114993659,0.1
931,93.1,-2.4158813996,1.3327243198,-2.0597499815,1.8207780409,0.1
932,93.2,-2.6000740771,1.4823007382,-1.8419267753,1.4957641843,0.1
933,93.3,-2.7600415388,1.5976396916,-1.5996746168,1.153389534,0.1
934,93.4,-2.8943371432,1.6782228565,-1.3429560444,0.8058316486,0.1
935,93.5,-3.0023096061,1.7245397481,-1.0797246285,0.4631689165,0.1
936,93.6,-3.0838800026,1.737848844,-0.8157039648,0.1330909588,0.1
937,93.7,-3.1393363541,1.7199478736,-0.554563515,-0.1790097037,0.1
938,93.8,-3.1691672437,1.6729740994,-0.2983088961,-0.4697377416,0.1
939,93.9,-3.173942593,1.5992433439,-0.0477534927,-0.7373075553,0.1
940,94.0,-3.1542424128,1.501130513,0.1970018024,-0.9811283094,0.1
941,94.1,-3.1106315747,1.3809926948,0.4361083806,-1.2013781815,0.1
942,94.2,-3.0436782843,1.2411361528,0.6695329035,-1.3985654203,0.1
943,94.3,-2.9540139719,1.08382853,0.8966431235,-1.573076228,0.1
944,94.4,-2.8424311507,0.9113557436,1.1158282122,-1.7247278637,0.1
945,94.5,-2.7100122563,0.726118377,1.3241889436,-1.8523736657,0.1
946,94.6,-2.5582760484,0.5307546208,1.5173620785,-1.9536375619,0.1
947,94.7,-2.3893194131,0.3282668581,1.6895663535,-2.0248776271,0.1
948,94.8,-2.2059237439,0.122119451,1.8339566918,-2.061474071,0.1
949,94.9,-2.0115909046,-0.0837293021,1.9433283931,-2.0584875309,0.1
950,95.0,-1.81047936,-0.2848924202,2.011115446,-2.0116311808,0.1
951,95.1,-1.6072294838,-0.4767292115,2.0324987617,-1.9183679127,0.1
952,95.2,-1.40669542,-0.6546133937,2.0053406376,-1.7788418219,0.1
953,95.3,-1.2136291963,-0.814248655,1.9306622366,-1.5963526129,0.1
954,95.4,-1.0323782128,-0.9519697182,1.8125098345,-1.3772106321,0.1
955,95.5,-0.8666520452,-1.0649714717,1.6572616758,-1.1300175351,0.1
956,95.6,-0.7193915426,-1.1514312462,1.4726050256,-0.8645977447,0.1
957,95.7,-0.5927437525,-1.2105186926,1.2664779014,-0.5908744639,0.1
958,95.8,-0.488122374,-1.24231194,1.0462137847,-0.317932474,0.1
959,95.9,-0.406321615,-1.2476514006,0.8180075903,-0.0533946062,0.1
960,96.0,-0.3476509366,-1.2279641872,0.586706784,0.1968721337,0.1
961,96.1,-0.3120647067,-1.1850868953,0.3558622988,0.4287729188,0.1
962,96.2,-0.2992694399,-1.1211069824,0.1279526677,0.6397991286,0.1
963,96.3,-0.3087990231,-1.0382359334,-0.0952958324,0.8287104898,0.1
964,96.4,-0.3400540332,-0.9387217349,-0.3125501007,0.9951419849,0.1
965,96.5,-0.3923052024,-0.82480363,-0.5225116922,1.1391810494,0.1
966,96.6,-0.4646641075,-0.6987080148,-0.723589051,1.2609561518,0.1
967,96.7,-0.5560271035,-0.5626800828,-0.9136299605,1.3602793199,0.1
968,96.8,-0.6650019511,-0.4190411585,-1.0897484758,1.4363892433,0.1
969,96.9,-0.7898304981,-0.2702568249,-1.2482854698,1.4878433355,0.1
970,97.0,-0.9283244456,-0.1189968021,-1.3849394752,1.5126002276,0.1
971,97.1,-1.0778331473,0.0318343939,-1.4950870172,1.5083119604,0.1
972,97.2,-1.2352606383,0.1791148258,-1.5742749103,1.4728043188,0.1
973,97.3,-1.3971422173,0.3195817875,-1.6188157905,1.4046696166,0.1
974,97.4,-1.5597791641,0.4499663909,-1.6263694678,1.3038460337,0.1
975,97.5,-1.7194162991,0.5671700143,-1.5963713502,1.1720362337,0.1
976,97.6,-1.8724357375,0.6684544699,-1.5301943839,1.0128445559,0.1
977,97.7,-2.0155358174,0.7516129277,-1.4310007991,0.831584578,0.1
978,97.8,-2.1458685942,0.8150929685,-1.3033277685,0.6348004081,0.1
979,97.9,-2.2611205444,0.8580547616,-1.1525195017,0.429617931,0.1
980,98.0,-2.3595347213,0.8803617794,-0.9841417694,0.2230701781,0.1
981,98.1,-2.4398839911,0.8825140107,-0.8034926984,0.0215223131,0.1
982,98.2,-2.5014115216,0.8655414848,-0.6152753045,-0.1697252593,0.1
983,98.3,-2.5437561926,0.830878572,-0.4234467105,-0.3466291284,0.1
984,98.4,-2.5668784215,0.7802380821,-0.2312222889,-0.5064048987,0.1
985,98.5,-2.5709978572,0.7155002595,-0.0411943567,-0.6473782257,0.1
986,98.6,-2.556549928,0.6386267685,0.1444792915,-0.7687349102,0.1
987,98.7,-2.5241641014,0.5516045945,0.3238582663,-0.8702217402,0.1
988,98.8,-2.4746631703,0.4564199486,0.4950093109,-0.9518464589,0.1
989,98.9,-2.4090798659,0.3550579925,0.6558330442,-1.0136195611,0.1
990,99.0,-2.3286844976,0.2495206393,0.8039536829,-1.0553735321,0.1
991,99.1,-2.2350151797,0.1418520116,0.9366931793,-1.0766862775,0.1
992,99.2,-2.1299007833,0.0341596571,1.0511439636,-1.0769235453,0.1
993,99.3,-2.0154665597,-0.0713802163,1.1443422358,-1.0553987345,0.1
994,99.4,-1.8941139693,-0.1725429718,1.2135259042,-1.0116275554,0.1
995,99.5,-1.7684699364,-0.2671062058,1.2564403289,-0.9456323397,0.1
996,99.6,-1.641306229,-0.3529294604,1.2716370743,-0.8582325462,0.1
997,99.7,-1.5154358502,-0.4280546673,1.2587037876,-0.7512520692,0.1
998,99.8,-1.3935985555,-0.4908132788,1.218372947,-0.627586115,0.1
999,99.9,-1.2783502259,-0.5399233011,1.1524832957,-0.4911002235,0.1
1000,100.0,-1.1719699627,-0.5745606401,1.0638026321,-0.3463733904,0.1
